2024 National Employment Matrix title,2024 National Employment Matrix code,Occupation type,National Employment Matrix link,
"Total, all occupations",'00-0000,Summary,Projections for 00-0000,
  Management occupations,'11-0000,Summary,Projections for 11-0000,
    Top executives,'11-1000,Summary,Projections for 11-1000,
      Chief executives,'11-1011,Line item,Projections for 11-1011,
      General and operations managers,'11-1021,Line item,Projections for 11-1021,
      Legislators,'11-1031,Line item,Projections for 11-1031,
"    Advertising, marketing, promotions, public relations, and sales managers",'11-2000,Summary,Projections for 11-2000,
      Advertising and promotions managers,'11-2011,Line item,Projections for 11-2011,
      Marketing and sales managers,'11-2020,Summary,Projections for 11-2020,
        Marketing managers,'11-2021,Line item,Projections for 11-2021,
        Sales managers,'11-2022,Line item,Projections for 11-2022,
      Public relations and fundraising managers,'11-2030,Summary,Projections for 11-2030,
        Public relations managers,'11-2032,Line item,Projections for 11-2032,
        Fundraising managers,'11-2033,Line item,Projections for 11-2033,
    Operations specialties managers,'11-3000,Summary,Projections for 11-3000,
      Administrative services and facilities managers,'11-3010,Summary,Projections for 11-3010,
        Administrative services managers,'11-3012,Line item,Projections for 11-3012,
        Facilities managers,'11-3013,Line item,Projections for 11-3013,
      Computer and information systems managers,'11-3021,Line item,Projections for 11-3021,
      Financial managers,'11-3031,Line item,Projections for 11-3031,
      Industrial production managers,'11-3051,Line item,Projections for 11-3051,
      Purchasing managers,'11-3061,Line item,Projections for 11-3061,
"      Transportation, storage, and distribution managers",'11-3071,Line item,Projections for 11-3071,
      Compensation and benefits managers,'11-3111,Line item,Projections for 11-3111,
      Human resources managers,'11-3121,Line item,Projections for 11-3121,
      Training and development managers,'11-3131,Line item,Projections for 11-3131,
    Other management occupations,'11-9000,Summary,Projections for 11-9000,
"      Farmers, ranchers, and other agricultural managers",'11-9013,Line item,Projections for 11-9013,
      Construction managers,'11-9021,Line item,Projections for 11-9021,
      Education and childcare administrators,'11-9030,Summary,Projections for 11-9030,
"        Education and childcare administrators, preschool and daycare",'11-9031,Line item,Projections for 11-9031,
"        Education administrators, kindergarten through secondary",'11-9032,Line item,Projections for 11-9032,
"        Education administrators, postsecondary",'11-9033,Line item,Projections for 11-9033,
"        Education administrators, all other",'11-9039,Line item,Projections for 11-9039,
      Architectural and engineering managers,'11-9041,Line item,Projections for 11-9041,
      Food service managers,'11-9051,Line item,Projections for 11-9051,
      Entertainment and recreation managers,'11-9070,Summary,Projections for 11-9070,
        Gambling managers,'11-9071,Line item,Projections for 11-9071,
"        Entertainment and recreation managers, except gambling",'11-9072,Line item,Projections for 11-9072,
      Lodging managers,'11-9081,Line item,Projections for 11-9081,
      Medical and health services managers,'11-9111,Line item,Projections for 11-9111,
      Natural sciences managers,'11-9121,Line item,Projections for 11-9121,
      Postmasters and mail superintendents,'11-9131,Line item,Projections for 11-9131,
"      Property, real estate, and community association managers",'11-9141,Line item,Projections for 11-9141,
      Social and community service managers,'11-9151,Line item,Projections for 11-9151,
      Emergency management directors,'11-9161,Line item,Projections for 11-9161,
      Personal service managers,'11-9170,Summary,Projections for 11-9170,
        Funeral home managers,'11-9171,Line item,Projections for 11-9171,
"        Personal service managers, all other",'11-9179,Line item,Projections for 11-9179,
"      Managers, all other",'11-9199,Line item,Projections for 11-9199,
  Business and financial operations occupations,'13-0000,Summary,Projections for 13-0000,
    Business operations specialists,'13-1000,Summary,Projections for 13-1000,
"      Agents and business managers of artists, performers, and athletes",'13-1011,Line item,Projections for 13-1011,
      Buyers and purchasing agents,'13-1020,Line item,Projections for 13-1020,
"      Claims adjusters, appraisers, examiners, and investigators",'13-1030,Summary,Projections for 13-1030,
"        Claims adjusters, examiners, and investigators",'13-1031,Line item,Projections for 13-1031,
"        Insurance appraisers, auto damage",'13-1032,Line item,Projections for 13-1032,
      Compliance officers,'13-1041,Line item,Projections for 13-1041,
      Cost estimators,'13-1051,Line item,Projections for 13-1051,
      Human resources workers,'13-1070,Summary,Projections for 13-1070,
        Human resources specialists,'13-1071,Line item,Projections for 13-1071,
        Farm labor contractors,'13-1074,Line item,Projections for 13-1074,
        Labor relations specialists,'13-1075,Line item,Projections for 13-1075,
      Logisticians and project management specialists,'13-1080,Summary,Projections for 13-1080,
        Logisticians,'13-1081,Line item,Projections for 13-1081,
        Project management specialists,'13-1082,Line item,Projections for 13-1082,
      Management analysts,'13-1111,Line item,Projections for 13-1111,
"      Meeting, convention, and event planners",'13-1121,Line item,Projections for 13-1121,
      Fundraisers,'13-1131,Line item,Projections for 13-1131,
"      Compensation, benefits, and job analysis specialists",'13-1141,Line item,Projections for 13-1141,
      Training and development specialists,'13-1151,Line item,Projections for 13-1151,
      Market research analysts and marketing specialists,'13-1161,Line item,Projections for 13-1161,
"      Business operations specialists, all other",'13-1199,Line item,Projections for 13-1199,
    Financial specialists,'13-2000,Summary,Projections for 13-2000,
      Accountants and auditors,'13-2011,Line item,Projections for 13-2011,
      Property appraisers and assessors,'13-2020,Line item,Projections for 13-2020,
      Budget analysts,'13-2031,Line item,Projections for 13-2031,
      Credit analysts,'13-2041,Line item,Projections for 13-2041,
      Financial analysts and advisors,'13-2050,Summary,Projections for 13-2050,
        Financial and investment analysts,'13-2051,Line item,Projections for 13-2051,
        Personal financial advisors,'13-2052,Line item,Projections for 13-2052,
        Insurance underwriters,'13-2053,Line item,Projections for 13-2053,
        Financial risk specialists,'13-2054,Line item,Projections for 13-2054,
      Financial examiners,'13-2061,Line item,Projections for 13-2061,
      Credit counselors and loan officers,'13-2070,Summary,Projections for 13-2070,
        Credit counselors,'13-2071,Line item,Projections for 13-2071,
        Loan officers,'13-2072,Line item,Projections for 13-2072,
"      Tax examiners, collectors and preparers, and revenue agents",'13-2080,Summary,Projections for 13-2080,
"        Tax examiners and collectors, and revenue agents",'13-2081,Line item,Projections for 13-2081,
        Tax preparers,'13-2082,Line item,Projections for 13-2082,
"      Financial specialists, all other",'13-2099,Line item,Projections for 13-2099,
  Computer and mathematical occupations,'15-0000,Summary,Projections for 15-0000,
    Computer occupations,'15-1200,Summary,Projections for 15-1200,
      Computer and information analysts,'15-1210,Summary,Projections for 15-1210,
        Computer systems analysts,'15-1211,Line item,Projections for 15-1211,
        Information security analysts,'15-1212,Line item,Projections for 15-1212,
      Computer and information research scientists,'15-1221,Line item,Projections for 15-1221,
      Computer support specialists,'15-1230,Summary,Projections for 15-1230,
        Computer network support specialists,'15-1231,Line item,Projections for 15-1231,
        Computer user support specialists,'15-1232,Line item,Projections for 15-1232,
      Database and network administrators and architects,'15-1240,Summary,Projections for 15-1240,
        Computer network architects,'15-1241,Line item,Projections for 15-1241,
        Database administrators,'15-1242,Line item,Projections for 15-1242,
        Database architects,'15-1243,Line item,Projections for 15-1243,
        Network and computer systems administrators,'15-1244,Line item,Projections for 15-1244,
"      Software and web developers, programmers, and testers",'15-1250,Summary,Projections for 15-1250,
        Computer programmers,'15-1251,Line item,Projections for 15-1251,
        Software developers,'15-1252,Line item,Projections for 15-1252,
        Software quality assurance analysts and testers,'15-1253,Line item,Projections for 15-1253,
        Web developers,'15-1254,Line item,Projections for 15-1254,
        Web and digital interface designers,'15-1255,Line item,Projections for 15-1255,
"      Computer occupations, all other",'15-1299,Line item,Projections for 15-1299,
    Mathematical science occupations,'15-2000,Summary,Projections for 15-2000,
      Actuaries,'15-2011,Line item,Projections for 15-2011,
      Mathematicians,'15-2021,Line item,Projections for 15-2021,
      Operations research analysts,'15-2031,Line item,Projections for 15-2031,
      Statisticians,'15-2041,Line item,Projections for 15-2041,
      Data scientists,'15-2051,Line item,Projections for 15-2051,
"      Mathematical science occupations, all other",'15-2099,Line item,Projections for 15-2099,
  Architecture and engineering occupations,'17-0000,Summary,Projections for 17-0000,
"    Architects, surveyors, and cartographers",'17-1000,Summary,Projections for 17-1000,
"      Architects, except naval",'17-1010,Summary,Projections for 17-1010,
"        Architects, except landscape and naval",'17-1011,Line item,Projections for 17-1011,
        Landscape architects,'17-1012,Line item,Projections for 17-1012,
"      Surveyors, cartographers, and photogrammetrists",'17-1020,Summary,Projections for 17-1020,
        Cartographers and photogrammetrists,'17-1021,Line item,Projections for 17-1021,
        Surveyors,'17-1022,Line item,Projections for 17-1022,
    Engineers,'17-2000,Summary,Projections for 17-2000,
      Aerospace engineers,'17-2011,Line item,Projections for 17-2011,
      Agricultural engineers,'17-2021,Line item,Projections for 17-2021,
      Bioengineers and biomedical engineers,'17-2031,Line item,Projections for 17-2031,
      Chemical engineers,'17-2041,Line item,Projections for 17-2041,
      Civil engineers,'17-2051,Line item,Projections for 17-2051,
      Computer hardware engineers,'17-2061,Line item,Projections for 17-2061,
      Electrical and electronics engineers,'17-2070,Summary,Projections for 17-2070,
        Electrical engineers,'17-2071,Line item,Projections for 17-2071,
"        Electronics engineers, except computer",'17-2072,Line item,Projections for 17-2072,
      Environmental engineers,'17-2081,Line item,Projections for 17-2081,
"      Industrial engineers, including health and safety",'17-2110,Summary,Projections for 17-2110,
"        Health and safety engineers, except mining safety engineers and inspectors",'17-2111,Line item,Projections for 17-2111,
        Industrial engineers,'17-2112,Line item,Projections for 17-2112,
      Marine engineers and naval architects,'17-2121,Line item,Projections for 17-2121,
      Materials engineers,'17-2131,Line item,Projections for 17-2131,
      Mechanical engineers,'17-2141,Line item,Projections for 17-2141,
"      Mining and geological engineers, including mining safety engineers",'17-2151,Line item,Projections for 17-2151,
      Nuclear engineers,'17-2161,Line item,Projections for 17-2161,
      Petroleum engineers,'17-2171,Line item,Projections for 17-2171,
"      Engineers, all other",'17-2199,Line item,Projections for 17-2199,
"    Drafters, engineering technicians, and mapping technicians",'17-3000,Summary,Projections for 17-3000,
      Drafters,'17-3010,Summary,Projections for 17-3010,
        Architectural and civil drafters,'17-3011,Line item,Projections for 17-3011,
        Electrical and electronics drafters,'17-3012,Line item,Projections for 17-3012,
        Mechanical drafters,'17-3013,Line item,Projections for 17-3013,
"        Drafters, all other",'17-3019,Line item,Projections for 17-3019,
"      Engineering technologists and technicians, except drafters",'17-3020,Summary,Projections for 17-3020,
        Aerospace engineering and operations technologists and technicians,'17-3021,Line item,Projections for 17-3021,
        Civil engineering technologists and technicians,'17-3022,Line item,Projections for 17-3022,
        Electrical and electronic engineering technologists and technicians,'17-3023,Line item,Projections for 17-3023,
        Electro-mechanical and mechatronics technologists and technicians,'17-3024,Line item,Projections for 17-3024,
        Environmental engineering technologists and technicians,'17-3025,Line item,Projections for 17-3025,
        Industrial engineering technologists and technicians,'17-3026,Line item,Projections for 17-3026,
        Mechanical engineering technologists and technicians,'17-3027,Line item,Projections for 17-3027,
        Calibration technologists and technicians,'17-3028,Line item,Projections for 17-3028,
"        Engineering technologists and technicians, except drafters, all other",'17-3029,Line item,Projections for 17-3029,
      Surveying and mapping technicians,'17-3031,Line item,Projections for 17-3031,
"  Life, physical, and social science occupations",'19-0000,Summary,Projections for 19-0000,
    Life scientists,'19-1000,Summary,Projections for 19-1000,
      Agricultural and food scientists,'19-1010,Summary,Projections for 19-1010,
        Animal scientists,'19-1011,Line item,Projections for 19-1011,
        Food scientists and technologists,'19-1012,Line item,Projections for 19-1012,
        Soil and plant scientists,'19-1013,Line item,Projections for 19-1013,
      Biological scientists,'19-1020,Summary,Projections for 19-1020,
        Biochemists and biophysicists,'19-1021,Line item,Projections for 19-1021,
        Microbiologists,'19-1022,Line item,Projections for 19-1022,
        Zoologists and wildlife biologists,'19-1023,Line item,Projections for 19-1023,
"        Biological scientists, all other",'19-1029,Line item,Projections for 19-1029,
      Conservation scientists and foresters,'19-1030,Summary,Projections for 19-1030,
        Conservation scientists,'19-1031,Line item,Projections for 19-1031,
        Foresters,'19-1032,Line item,Projections for 19-1032,
      Medical scientists,'19-1040,Summary,Projections for 19-1040,
        Epidemiologists,'19-1041,Line item,Projections for 19-1041,
"        Medical scientists, except epidemiologists",'19-1042,Line item,Projections for 19-1042,
"      Life scientists, all other",'19-1099,Line item,Projections for 19-1099,
    Physical scientists,'19-2000,Summary,Projections for 19-2000,
      Astronomers and physicists,'19-2010,Summary,Projections for 19-2010,
        Astronomers,'19-2011,Line item,Projections for 19-2011,
        Physicists,'19-2012,Line item,Projections for 19-2012,
      Atmospheric and space scientists,'19-2021,Line item,Projections for 19-2021,
      Chemists and materials scientists,'19-2030,Summary,Projections for 19-2030,
        Chemists,'19-2031,Line item,Projections for 19-2031,
        Materials scientists,'19-2032,Line item,Projections for 19-2032,
      Environmental scientists and geoscientists,'19-2040,Summary,Projections for 19-2040,
"        Environmental scientists and specialists, including health",'19-2041,Line item,Projections for 19-2041,
"        Geoscientists, except hydrologists and geographers",'19-2042,Line item,Projections for 19-2042,
        Hydrologists,'19-2043,Line item,Projections for 19-2043,
"      Physical scientists, all other",'19-2099,Line item,Projections for 19-2099,
    Social scientists and related workers,'19-3000,Summary,Projections for 19-3000,
      Economists,'19-3011,Line item,Projections for 19-3011,
      Survey researchers,'19-3022,Line item,Projections for 19-3022,
      Psychologists,'19-3030,Summary,Projections for 19-3030,
        Industrial-organizational psychologists,'19-3032,Line item,Projections for 19-3032,
        Clinical and counseling psychologists,'19-3033,Line item,Projections for 19-3033,
        School psychologists,'19-3034,Line item,Projections for 19-3034,
"        Psychologists, all other",'19-3039,Line item,Projections for 19-3039,
      Sociologists,'19-3041,Line item,Projections for 19-3041,
      Urban and regional planners,'19-3051,Line item,Projections for 19-3051,
      Miscellaneous social scientists and related workers,'19-3090,Summary,Projections for 19-3090,
        Anthropologists and archeologists,'19-3091,Line item,Projections for 19-3091,
        Geographers,'19-3092,Line item,Projections for 19-3092,
        Historians,'19-3093,Line item,Projections for 19-3093,
        Political scientists,'19-3094,Line item,Projections for 19-3094,
"        Social scientists and related workers, all other",'19-3099,Line item,Projections for 19-3099,
"    Life, physical, and social science technicians",'19-4000,Summary,Projections for 19-4000,
      Agricultural and food science technicians,'19-4010,Summary,Projections for 19-4010,
        Agricultural technicians,'19-4012,Line item,Projections for 19-4012,
        Food science technicians,'19-4013,Line item,Projections for 19-4013,
      Biological technicians,'19-4021,Line item,Projections for 19-4021,
      Chemical technicians,'19-4031,Line item,Projections for 19-4031,
      Environmental science and geoscience technicians,'19-4040,Summary,Projections for 19-4040,
"        Environmental science and protection technicians, including health",'19-4042,Line item,Projections for 19-4042,
"        Geological technicians, except hydrologic technicians",'19-4043,Line item,Projections for 19-4043,
        Hydrologic technicians,'19-4044,Line item,Projections for 19-4044,
      Nuclear technicians,'19-4051,Line item,Projections for 19-4051,
      Social science research assistants,'19-4061,Line item,Projections for 19-4061,
      Forest and conservation technicians,'19-4071,Line item,Projections for 19-4071,
"      Miscellaneous life, physical, and social science technicians",'19-4090,Summary,Projections for 19-4090,
        Forensic science technicians,'19-4092,Line item,Projections for 19-4092,
"        Life, physical, and social science technicians, all other",'19-4099,Line item,Projections for 19-4099,
    Occupational health and safety specialists and technicians,'19-5000,Summary,Projections for 19-5000,
      Occupational health and safety specialists,'19-5011,Line item,Projections for 19-5011,
      Occupational health and safety technicians,'19-5012,Line item,Projections for 19-5012,
  Community and social service occupations,'21-0000,Summary,Projections for 21-0000,
"    Counselors, social workers, and other community and social service specialists",'21-1000,Summary,Projections for 21-1000,
      Counselors,'21-1010,Summary,Projections for 21-1010,
"        Educational, guidance, and career counselors and advisors",'21-1012,Line item,Projections for 21-1012,
        Marriage and family therapists,'21-1013,Line item,Projections for 21-1013,
        Rehabilitation counselors,'21-1015,Line item,Projections for 21-1015,
"        Substance abuse, behavioral disorder, and mental health counselors",'21-1018,Line item,Projections for 21-1018,
"        Counselors, all other",'21-1019,Line item,Projections for 21-1019,
      Social workers,'21-1020,Summary,Projections for 21-1020,
"        Child, family, and school social workers",'21-1021,Line item,Projections for 21-1021,
        Healthcare social workers,'21-1022,Line item,Projections for 21-1022,
        Mental health and substance abuse social workers,'21-1023,Line item,Projections for 21-1023,
"        Social workers, all other",'21-1029,Line item,Projections for 21-1029,
      Miscellaneous community and social service specialists,'21-1090,Summary,Projections for 21-1090,
        Health education specialists,'21-1091,Line item,Projections for 21-1091,
        Probation officers and correctional treatment specialists,'21-1092,Line item,Projections for 21-1092,
        Social and human service assistants,'21-1093,Line item,Projections for 21-1093,
        Community health workers,'21-1094,Line item,Projections for 21-1094,
"        Community and social service specialists, all other",'21-1099,Line item,Projections for 21-1099,
    Religious workers,'21-2000,Summary,Projections for 21-2000,
      Clergy,'21-2011,Line item,Projections for 21-2011,
"      Directors, religious activities and education",'21-2021,Line item,Projections for 21-2021,
"      Religious workers, all other",'21-2099,Line item,Projections for 21-2099,
  Legal occupations,'23-0000,Summary,Projections for 23-0000,
"    Lawyers, judges, and related workers",'23-1000,Summary,Projections for 23-1000,
      Lawyers and judicial law clerks,'23-1010,Summary,Projections for 23-1010,
        Lawyers,'23-1011,Line item,Projections for 23-1011,
        Judicial law clerks,'23-1012,Line item,Projections for 23-1012,
"      Judges, magistrates, and other judicial workers",'23-1020,Summary,Projections for 23-1020,
"        Administrative law judges, adjudicators, and hearing officers",'23-1021,Line item,Projections for 23-1021,
"        Arbitrators, mediators, and conciliators",'23-1022,Line item,Projections for 23-1022,
"        Judges, magistrate judges, and magistrates",'23-1023,Line item,Projections for 23-1023,
    Legal support workers,'23-2000,Summary,Projections for 23-2000,
      Paralegals and legal assistants,'23-2011,Line item,Projections for 23-2011,
      Miscellaneous legal support workers,'23-2090,Summary,Projections for 23-2090,
"        Title examiners, abstractors, and searchers",'23-2093,Line item,Projections for 23-2093,
"        Legal support workers, all other",'23-2099,Line item,Projections for 23-2099,
  Educational instruction and library occupations,'25-0000,Summary,Projections for 25-0000,
    Postsecondary teachers,'25-1000,Summary,Projections for 25-1000,
"      Business teachers, postsecondary",'25-1011,Line item,Projections for 25-1011,
"      Math and computer science teachers, postsecondary",'25-1020,Summary,Projections for 25-1020,
"        Computer science teachers, postsecondary",'25-1021,Line item,Projections for 25-1021,
"        Mathematical science teachers, postsecondary",'25-1022,Line item,Projections for 25-1022,
"      Engineering and architecture teachers, postsecondary",'25-1030,Summary,Projections for 25-1030,
"        Architecture teachers, postsecondary",'25-1031,Line item,Projections for 25-1031,
"        Engineering teachers, postsecondary",'25-1032,Line item,Projections for 25-1032,
"      Life sciences teachers, postsecondary",'25-1040,Summary,Projections for 25-1040,
"        Agricultural sciences teachers, postsecondary",'25-1041,Line item,Projections for 25-1041,
"        Biological science teachers, postsecondary",'25-1042,Line item,Projections for 25-1042,
"        Forestry and conservation science teachers, postsecondary",'25-1043,Line item,Projections for 25-1043,
"      Physical sciences teachers, postsecondary",'25-1050,Summary,Projections for 25-1050,
"        Atmospheric, earth, marine, and space sciences teachers, postsecondary",'25-1051,Line item,Projections for 25-1051,
"        Chemistry teachers, postsecondary",'25-1052,Line item,Projections for 25-1052,
"        Environmental science teachers, postsecondary",'25-1053,Line item,Projections for 25-1053,
"        Physics teachers, postsecondary",'25-1054,Line item,Projections for 25-1054,
"      Social sciences teachers, postsecondary",'25-1060,Summary,Projections for 25-1060,
"        Anthropology and archeology teachers, postsecondary",'25-1061,Line item,Projections for 25-1061,
"        Area, ethnic, and cultural studies teachers, postsecondary",'25-1062,Line item,Projections for 25-1062,
"        Economics teachers, postsecondary",'25-1063,Line item,Projections for 25-1063,
"        Geography teachers, postsecondary",'25-1064,Line item,Projections for 25-1064,
"        Political science teachers, postsecondary",'25-1065,Line item,Projections for 25-1065,
"        Psychology teachers, postsecondary",'25-1066,Line item,Projections for 25-1066,
"        Sociology teachers, postsecondary",'25-1067,Line item,Projections for 25-1067,
"        Social sciences teachers, postsecondary, all other",'25-1069,Line item,Projections for 25-1069,
"      Health teachers, postsecondary",'25-1070,Summary,Projections for 25-1070,
"        Health specialties teachers, postsecondary",'25-1071,Line item,Projections for 25-1071,
"        Nursing instructors and teachers, postsecondary",'25-1072,Line item,Projections for 25-1072,
"      Education and library science teachers, postsecondary",'25-1080,Summary,Projections for 25-1080,
"        Education teachers, postsecondary",'25-1081,Line item,Projections for 25-1081,
"        Library science teachers, postsecondary",'25-1082,Line item,Projections for 25-1082,
"      Law, criminal justice, and social work teachers, postsecondary",'25-1110,Summary,Projections for 25-1110,
"        Criminal justice and law enforcement teachers, postsecondary",'25-1111,Line item,Projections for 25-1111,
"        Law teachers, postsecondary",'25-1112,Line item,Projections for 25-1112,
"        Social work teachers, postsecondary",'25-1113,Line item,Projections for 25-1113,
"      Arts, communications, history, and humanities teachers, postsecondary",'25-1120,Summary,Projections for 25-1120,
"        Art, drama, and music teachers, postsecondary",'25-1121,Line item,Projections for 25-1121,
"        Communications teachers, postsecondary",'25-1122,Line item,Projections for 25-1122,
"        English language and literature teachers, postsecondary",'25-1123,Line item,Projections for 25-1123,
"        Foreign language and literature teachers, postsecondary",'25-1124,Line item,Projections for 25-1124,
"        History teachers, postsecondary",'25-1125,Line item,Projections for 25-1125,
"        Philosophy and religion teachers, postsecondary",'25-1126,Line item,Projections for 25-1126,
      Miscellaneous postsecondary teachers,'25-1190,Summary,Projections for 25-1190,
"        Family and consumer sciences teachers, postsecondary",'25-1192,Line item,Projections for 25-1192,
"        Recreation and fitness studies teachers, postsecondary",'25-1193,Line item,Projections for 25-1193,
"        Career/technical education teachers, postsecondary",'25-1194,Line item,Projections for 25-1194,
"        Postsecondary teachers, all other",'25-1199,Line item,Projections for 25-1199,
"    Preschool, elementary, middle, secondary, and special education teachers",'25-2000,Summary,Projections for 25-2000,
      Preschool and kindergarten teachers,'25-2010,Summary,Projections for 25-2010,
"        Preschool teachers, except special education",'25-2011,Line item,Projections for 25-2011,
"        Kindergarten teachers, except special education",'25-2012,Line item,Projections for 25-2012,
      Elementary and middle school teachers,'25-2020,Summary,Projections for 25-2020,
"        Elementary school teachers, except special education",'25-2021,Line item,Projections for 25-2021,
"        Middle school teachers, except special and career/technical education",'25-2022,Line item,Projections for 25-2022,
"        Career/technical education teachers, middle school",'25-2023,Line item,Projections for 25-2023,
      Secondary school teachers,'25-2030,Summary,Projections for 25-2030,
"        Secondary school teachers, except special and career/technical education",'25-2031,Line item,Projections for 25-2031,
"        Career/technical education teachers, secondary school",'25-2032,Line item,Projections for 25-2032,
      Special education teachers,'25-2050,Summary,Projections for 25-2050,
"        Special education teachers, preschool",'25-2051,Line item,Projections for 25-2051,
"        Special education teachers, kindergarten and elementary school",'25-2052,Line item,Projections for 25-2052,
"        Special education teachers, middle school",'25-2057,Line item,Projections for 25-2057,
"        Special education teachers, secondary school",'25-2058,Line item,Projections for 25-2058,
"        Special education teachers, all other",'25-2059,Line item,Projections for 25-2059,
    Other teachers and instructors,'25-3000,Summary,Projections for 25-3000,
"      Adult basic education, adult secondary education, and english as a second language instructors",'25-3011,Line item,Projections for 25-3011,
      Self-enrichment teachers,'25-3021,Line item,Projections for 25-3021,
"      Substitute teachers, short-term",'25-3031,Line item,Projections for 25-3031,
      Tutors,'25-3041,Line item,Projections for 25-3041,
"      Teachers and instructors, all other",'25-3099,Line item,Projections for 25-3099,
"    Librarians, curators, and archivists",'25-4000,Summary,Projections for 25-4000,
"      Archivists, curators, and museum technicians",'25-4010,Summary,Projections for 25-4010,
        Archivists,'25-4011,Line item,Projections for 25-4011,
        Curators,'25-4012,Line item,Projections for 25-4012,
        Museum technicians and conservators,'25-4013,Line item,Projections for 25-4013,
      Librarians and media collections specialists,'25-4022,Line item,Projections for 25-4022,
      Library technicians,'25-4031,Line item,Projections for 25-4031,
    Other educational instruction and library occupations,'25-9000,Summary,Projections for 25-9000,
      Farm and home management educators,'25-9021,Line item,Projections for 25-9021,
      Instructional coordinators,'25-9031,Line item,Projections for 25-9031,
      Teaching assistants,'25-9040,Summary,Projections for 25-9040,
"        Teaching assistants, postsecondary",'25-9044,Line item,Projections for 25-9044,
"        Teaching assistants, except postsecondary",'25-9045,Line item,Projections for 25-9045,
"      Educational instruction and library workers, all other",'25-9099,Line item,Projections for 25-9099,
"  Arts, design, entertainment, sports, and media occupations",'27-0000,Summary,Projections for 27-0000,
    Art and design workers,'27-1000,Summary,Projections for 27-1000,
      Artists and related workers,'27-1010,Summary,Projections for 27-1010,
        Art directors,'27-1011,Line item,Projections for 27-1011,
        Craft artists,'27-1012,Line item,Projections for 27-1012,
"        Fine artists, including painters, sculptors, and illustrators",'27-1013,Line item,Projections for 27-1013,
        Special effects artists and animators,'27-1014,Line item,Projections for 27-1014,
"        Artists and related workers, all other",'27-1019,Line item,Projections for 27-1019,
      Designers,'27-1020,Summary,Projections for 27-1020,
        Commercial and industrial designers,'27-1021,Line item,Projections for 27-1021,
        Fashion designers,'27-1022,Line item,Projections for 27-1022,
        Floral designers,'27-1023,Line item,Projections for 27-1023,
        Graphic designers,'27-1024,Line item,Projections for 27-1024,
        Interior designers,'27-1025,Line item,Projections for 27-1025,
        Merchandise displayers and window trimmers,'27-1026,Line item,Projections for 27-1026,
        Set and exhibit designers,'27-1027,Line item,Projections for 27-1027,
"        Designers, all other",'27-1029,Line item,Projections for 27-1029,
"    Entertainers and performers, sports and related workers",'27-2000,Summary,Projections for 27-2000,
"      Actors, producers, and directors",'27-2010,Summary,Projections for 27-2010,
        Actors,'27-2011,Line item,Projections for 27-2011,
        Producers and directors,'27-2012,Line item,Projections for 27-2012,
"      Athletes, coaches, umpires, and related workers",'27-2020,Summary,Projections for 27-2020,
        Athletes and sports competitors,'27-2021,Line item,Projections for 27-2021,
        Coaches and scouts,'27-2022,Line item,Projections for 27-2022,
"        Umpires, referees, and other sports officials",'27-2023,Line item,Projections for 27-2023,
      Dancers and choreographers,'27-2030,Summary,Projections for 27-2030,
        Dancers,'27-2031,Line item,Projections for 27-2031,
        Choreographers,'27-2032,Line item,Projections for 27-2032,
"      Musicians, singers, and related workers",'27-2040,Summary,Projections for 27-2040,
        Music directors and composers,'27-2041,Line item,Projections for 27-2041,
        Musicians and singers,'27-2042,Line item,Projections for 27-2042,
"      Miscellaneous entertainers and performers, sports and related workers",'27-2090,Summary,Projections for 27-2090,
"        Disc jockeys, except radio",'27-2091,Line item,Projections for 27-2091,
"        Entertainers and performers, sports and related workers, all other",'27-2099,Line item,Projections for 27-2099,
    Media and communication workers,'27-3000,Summary,Projections for 27-3000,
      Broadcast announcers and radio disc jockeys,'27-3011,Line item,Projections for 27-3011,
"      News analysts, reporters, and journalists",'27-3023,Line item,Projections for 27-3023,
      Public relations specialists,'27-3031,Line item,Projections for 27-3031,
      Writers and editors,'27-3040,Summary,Projections for 27-3040,
        Editors,'27-3041,Line item,Projections for 27-3041,
        Technical writers,'27-3042,Line item,Projections for 27-3042,
        Writers and authors,'27-3043,Line item,Projections for 27-3043,
      Miscellaneous media and communication workers,'27-3090,Summary,Projections for 27-3090,
        Interpreters and translators,'27-3091,Line item,Projections for 27-3091,
        Court reporters and simultaneous captioners,'27-3092,Line item,Projections for 27-3092,
"        Media and communication workers, all other",'27-3099,Line item,Projections for 27-3099,
    Media and communication equipment workers,'27-4000,Summary,Projections for 27-4000,
"      Broadcast, sound, and lighting technicians",'27-4010,Summary,Projections for 27-4010,
        Audio and video technicians,'27-4011,Line item,Projections for 27-4011,
        Broadcast technicians,'27-4012,Line item,Projections for 27-4012,
        Sound engineering technicians,'27-4014,Line item,Projections for 27-4014,
        Lighting technicians,'27-4015,Line item,Projections for 27-4015,
      Photographers,'27-4021,Line item,Projections for 27-4021,
"      Television, video, and film camera operators and editors",'27-4030,Summary,Projections for 27-4030,
"        Camera operators, television, video, and film",'27-4031,Line item,Projections for 27-4031,
        Film and video editors,'27-4032,Line item,Projections for 27-4032,
"      Media and communication equipment workers, all other",'27-4099,Line item,Projections for 27-4099,
  Healthcare practitioners and technical occupations,'29-0000,Summary,Projections for 29-0000,
    Healthcare diagnosing or treating practitioners,'29-1000,Summary,Projections for 29-1000,
      Chiropractors,'29-1011,Line item,Projections for 29-1011,
      Dentists,'29-1020,Summary,Projections for 29-1020,
"        Dentists, general",'29-1021,Line item,Projections for 29-1021,
        Oral and maxillofacial surgeons,'29-1022,Line item,Projections for 29-1022,
        Orthodontists,'29-1023,Line item,Projections for 29-1023,
        Prosthodontists,'29-1024,Line item,Projections for 29-1024,
"        Dentists, all other specialists",'29-1029,Line item,Projections for 29-1029,
      Dietitians and nutritionists,'29-1031,Line item,Projections for 29-1031,
      Optometrists,'29-1041,Line item,Projections for 29-1041,
      Pharmacists,'29-1051,Line item,Projections for 29-1051,
      Physician assistants,'29-1071,Line item,Projections for 29-1071,
      Podiatrists,'29-1081,Line item,Projections for 29-1081,
      Therapists,'29-1120,Summary,Projections for 29-1120,
        Occupational therapists,'29-1122,Line item,Projections for 29-1122,
        Physical therapists,'29-1123,Line item,Projections for 29-1123,
        Radiation therapists,'29-1124,Line item,Projections for 29-1124,
        Recreational therapists,'29-1125,Line item,Projections for 29-1125,
        Respiratory therapists,'29-1126,Line item,Projections for 29-1126,
        Speech-language pathologists,'29-1127,Line item,Projections for 29-1127,
        Exercise physiologists,'29-1128,Line item,Projections for 29-1128,
"        Therapists, all other",'29-1129,Line item,Projections for 29-1129,
      Veterinarians,'29-1131,Line item,Projections for 29-1131,
      Registered nurses,'29-1141,Line item,Projections for 29-1141,
      Nurse anesthetists,'29-1151,Line item,Projections for 29-1151,
      Nurse midwives,'29-1161,Line item,Projections for 29-1161,
      Nurse practitioners,'29-1171,Line item,Projections for 29-1171,
      Audiologists,'29-1181,Line item,Projections for 29-1181,
      Physicians,'29-1210,Summary,Projections for 29-1210,
        Anesthesiologists,'29-1211,Line item,Projections for 29-1211,
        Cardiologists,'29-1212,Line item,Projections for 29-1212,
        Dermatologists,'29-1213,Line item,Projections for 29-1213,
        Emergency medicine physicians,'29-1214,Line item,Projections for 29-1214,
        Family medicine physicians,'29-1215,Line item,Projections for 29-1215,
        General internal medicine physicians,'29-1216,Line item,Projections for 29-1216,
        Neurologists,'29-1217,Line item,Projections for 29-1217,
        Obstetricians and gynecologists,'29-1218,Line item,Projections for 29-1218,
"        Pediatricians, general",'29-1221,Line item,Projections for 29-1221,
"        Physicians, pathologists",'29-1222,Line item,Projections for 29-1222,
        Psychiatrists,'29-1223,Line item,Projections for 29-1223,
        Radiologists,'29-1224,Line item,Projections for 29-1224,
"        Physicians, all other",'29-1229,Line item,Projections for 29-1229,
      Surgeons,'29-1240,Summary,Projections for 29-1240,
"        Ophthalmologists, except pediatric",'29-1241,Line item,Projections for 29-1241,
"        Orthopedic surgeons, except pediatric",'29-1242,Line item,Projections for 29-1242,
        Pediatric surgeons,'29-1243,Line item,Projections for 29-1243,
"        Surgeons, all other",'29-1249,Line item,Projections for 29-1249,
      Miscellaneous healthcare diagnosing or treating practitioners,'29-1290,Summary,Projections for 29-1290,
        Acupuncturists,'29-1291,Line item,Projections for 29-1291,
        Dental hygienists,'29-1292,Line item,Projections for 29-1292,
"        Healthcare diagnosing or treating practitioners, all other",'29-1299,Line item,Projections for 29-1299,
    Health technologists and technicians,'29-2000,Summary,Projections for 29-2000,
      Clinical laboratory technologists and technicians,'29-2010,Line item,Projections for 29-2010,
      Diagnostic related technologists and technicians,'29-2030,Summary,Projections for 29-2030,
        Cardiovascular technologists and technicians,'29-2031,Line item,Projections for 29-2031,
        Diagnostic medical sonographers,'29-2032,Line item,Projections for 29-2032,
        Nuclear medicine technologists,'29-2033,Line item,Projections for 29-2033,
        Radiologic technologists and technicians,'29-2034,Line item,Projections for 29-2034,
        Magnetic resonance imaging technologists,'29-2035,Line item,Projections for 29-2035,
        Medical dosimetrists,'29-2036,Line item,Projections for 29-2036,
      Emergency medical technicians and paramedics,'29-2040,Summary,Projections for 29-2040,
        Emergency medical technicians,'29-2042,Line item,Projections for 29-2042,
        Paramedics,'29-2043,Line item,Projections for 29-2043,
      Health practitioner support technologists and technicians,'29-2050,Summary,Projections for 29-2050,
        Dietetic technicians,'29-2051,Line item,Projections for 29-2051,
        Pharmacy technicians,'29-2052,Line item,Projections for 29-2052,
        Psychiatric technicians,'29-2053,Line item,Projections for 29-2053,
        Surgical technologists,'29-2055,Line item,Projections for 29-2055,
        Veterinary technologists and technicians,'29-2056,Line item,Projections for 29-2056,
        Ophthalmic medical technicians,'29-2057,Line item,Projections for 29-2057,
      Licensed practical and licensed vocational nurses,'29-2061,Line item,Projections for 29-2061,
      Medical records specialists,'29-2072,Line item,Projections for 29-2072,
"      Opticians, dispensing",'29-2081,Line item,Projections for 29-2081,
      Miscellaneous health technologists and technicians,'29-2090,Summary,Projections for 29-2090,
        Orthotists and prosthetists,'29-2091,Line item,Projections for 29-2091,
        Hearing aid specialists,'29-2092,Line item,Projections for 29-2092,
"        Health technologists and technicians, all other",'29-2099,Line item,Projections for 29-2099,
    Other healthcare practitioners and technical occupations,'29-9000,Summary,Projections for 29-9000,
      Health information technologists and medical registrars,'29-9021,Line item,Projections for 29-9021,
      Miscellaneous health practitioners and technical workers,'29-9090,Summary,Projections for 29-9090,
        Athletic trainers,'29-9091,Line item,Projections for 29-9091,
        Genetic counselors,'29-9092,Line item,Projections for 29-9092,
        Surgical assistants,'29-9093,Line item,Projections for 29-9093,
"        Healthcare practitioners and technical workers, all other",'29-9099,Line item,Projections for 29-9099,
  Healthcare support occupations,'31-0000,Summary,Projections for 31-0000,
"    Home health and personal care aides; and nursing assistants, orderlies, and psychiatric aides",'31-1100,Summary,Projections for 31-1100,
      Home health and personal care aides,'31-1120,Line item,Projections for 31-1120,
"      Nursing assistants, orderlies, and psychiatric aides",'31-1130,Summary,Projections for 31-1130,
        Nursing assistants,'31-1131,Line item,Projections for 31-1131,
        Orderlies,'31-1132,Line item,Projections for 31-1132,
        Psychiatric aides,'31-1133,Line item,Projections for 31-1133,
    Occupational therapy and physical therapist assistants and aides,'31-2000,Summary,Projections for 31-2000,
      Occupational therapy assistants and aides,'31-2010,Summary,Projections for 31-2010,
        Occupational therapy assistants,'31-2011,Line item,Projections for 31-2011,
        Occupational therapy aides,'31-2012,Line item,Projections for 31-2012,
      Physical therapist assistants and aides,'31-2020,Summary,Projections for 31-2020,
        Physical therapist assistants,'31-2021,Line item,Projections for 31-2021,
        Physical therapist aides,'31-2022,Line item,Projections for 31-2022,
    Other healthcare support occupations,'31-9000,Summary,Projections for 31-9000,
      Massage therapists,'31-9011,Line item,Projections for 31-9011,
      Miscellaneous healthcare support occupations,'31-9090,Summary,Projections for 31-9090,
        Dental assistants,'31-9091,Line item,Projections for 31-9091,
        Medical assistants,'31-9092,Line item,Projections for 31-9092,
        Medical equipment preparers,'31-9093,Line item,Projections for 31-9093,
        Medical transcriptionists,'31-9094,Line item,Projections for 31-9094,
        Pharmacy aides,'31-9095,Line item,Projections for 31-9095,
        Veterinary assistants and laboratory animal caretakers,'31-9096,Line item,Projections for 31-9096,
        Phlebotomists,'31-9097,Line item,Projections for 31-9097,
"        Healthcare support workers, all other",'31-9099,Line item,Projections for 31-9099,
  Protective service occupations,'33-0000,Summary,Projections for 33-0000,
    Supervisors of protective service workers,'33-1000,Summary,Projections for 33-1000,
      First-line supervisors of law enforcement workers,'33-1010,Summary,Projections for 33-1010,
        First-line supervisors of correctional officers,'33-1011,Line item,Projections for 33-1011,
        First-line supervisors of police and detectives,'33-1012,Line item,Projections for 33-1012,
      First-line supervisors of firefighting and prevention workers,'33-1021,Line item,Projections for 33-1021,
"      Miscellaneous first-line supervisors, protective service workers",'33-1090,Summary,Projections for 33-1090,
        First-line supervisors of security workers,'33-1091,Line item,Projections for 33-1091,
"        First-line supervisors of protective service workers, all other",'33-1099,Line item,Projections for 33-1099,
    Firefighting and prevention workers,'33-2000,Summary,Projections for 33-2000,
      Firefighters,'33-2011,Line item,Projections for 33-2011,
      Fire inspectors,'33-2020,Summary,Projections for 33-2020,
        Fire inspectors and investigators,'33-2021,Line item,Projections for 33-2021,
        Forest fire inspectors and prevention specialists,'33-2022,Line item,Projections for 33-2022,
    Law enforcement workers,'33-3000,Summary,Projections for 33-3000,
"      Bailiffs, correctional officers, and jailers",'33-3010,Summary,Projections for 33-3010,
        Bailiffs,'33-3011,Line item,Projections for 33-3011,
        Correctional officers and jailers,'33-3012,Line item,Projections for 33-3012,
      Detectives and criminal investigators,'33-3021,Line item,Projections for 33-3021,
      Fish and game wardens,'33-3031,Line item,Projections for 33-3031,
      Parking enforcement workers,'33-3041,Line item,Projections for 33-3041,
      Police officers,'33-3050,Summary,Projections for 33-3050,
        Police and sheriff's patrol officers,'33-3051,Line item,Projections for 33-3051,
        Transit and railroad police,'33-3052,Line item,Projections for 33-3052,
    Other protective service workers,'33-9000,Summary,Projections for 33-9000,
      Animal control workers,'33-9011,Line item,Projections for 33-9011,
      Private detectives and investigators,'33-9021,Line item,Projections for 33-9021,
      Security guards and gambling surveillance officers,'33-9030,Summary,Projections for 33-9030,
        Gambling surveillance officers and gambling investigators,'33-9031,Line item,Projections for 33-9031,
        Security guards,'33-9032,Line item,Projections for 33-9032,
      Miscellaneous protective service workers,'33-9090,Summary,Projections for 33-9090,
        Crossing guards and flaggers,'33-9091,Line item,Projections for 33-9091,
"        Lifeguards, ski patrol, and other recreational protective service workers",'33-9092,Line item,Projections for 33-9092,
        Transportation security screeners,'33-9093,Line item,Projections for 33-9093,
        School bus monitors,'33-9094,Line item,Projections for 33-9094,
"        Protective service workers, all other",'33-9099,Line item,Projections for 33-9099,
  Food preparation and serving related occupations,'35-0000,Summary,Projections for 35-0000,
    Supervisors of food preparation and serving workers,'35-1000,Summary,Projections for 35-1000,
      Chefs and head cooks,'35-1011,Line item,Projections for 35-1011,
      First-line supervisors of food preparation and serving workers,'35-1012,Line item,Projections for 35-1012,
    Cooks and food preparation workers,'35-2000,Summary,Projections for 35-2000,
      Cooks,'35-2010,Summary,Projections for 35-2010,
"        Cooks, fast food",'35-2011,Line item,Projections for 35-2011,
"        Cooks, institution and cafeteria",'35-2012,Line item,Projections for 35-2012,
"        Cooks, private household",'35-2013,Line item,Projections for 35-2013,
"        Cooks, restaurant",'35-2014,Line item,Projections for 35-2014,
"        Cooks, short order",'35-2015,Line item,Projections for 35-2015,
"        Cooks, all other",'35-2019,Line item,Projections for 35-2019,
      Food preparation workers,'35-2021,Line item,Projections for 35-2021,
    Food and beverage serving workers,'35-3000,Summary,Projections for 35-3000,
      Bartenders,'35-3011,Line item,Projections for 35-3011,
      Fast food and counter workers,'35-3023,Line item,Projections for 35-3023,
      Waiters and waitresses,'35-3031,Line item,Projections for 35-3031,
"      Food servers, nonrestaurant",'35-3041,Line item,Projections for 35-3041,
    Other food preparation and serving related workers,'35-9000,Summary,Projections for 35-9000,
      Dining room and cafeteria attendants and bartender helpers,'35-9011,Line item,Projections for 35-9011,
      Dishwashers,'35-9021,Line item,Projections for 35-9021,
"      Hosts and hostesses, restaurant, lounge, and coffee shop",'35-9031,Line item,Projections for 35-9031,
"      Food preparation and serving related workers, all other",'35-9099,Line item,Projections for 35-9099,
  Building and grounds cleaning and maintenance occupations,'37-0000,Summary,Projections for 37-0000,
    Supervisors of building and grounds cleaning and maintenance workers,'37-1000,Summary,Projections for 37-1000,
      First-line supervisors of housekeeping and janitorial workers,'37-1011,Line item,Projections for 37-1011,
"      First-line supervisors of landscaping, lawn service, and groundskeeping workers",'37-1012,Line item,Projections for 37-1012,
    Building cleaning and pest control workers,'37-2000,Summary,Projections for 37-2000,
      Building cleaning workers,'37-2010,Summary,Projections for 37-2010,
"        Janitors and cleaners, except maids and housekeeping cleaners",'37-2011,Line item,Projections for 37-2011,
        Maids and housekeeping cleaners,'37-2012,Line item,Projections for 37-2012,
"        Building cleaning workers, all other",'37-2019,Line item,Projections for 37-2019,
      Pest control workers,'37-2021,Line item,Projections for 37-2021,
    Grounds maintenance workers,'37-3000,Summary,Projections for 37-3000,
      Landscaping and groundskeeping workers,'37-3011,Line item,Projections for 37-3011,
"      Pesticide handlers, sprayers, and applicators, vegetation",'37-3012,Line item,Projections for 37-3012,
      Tree trimmers and pruners,'37-3013,Line item,Projections for 37-3013,
"      Grounds maintenance workers, all other",'37-3019,Line item,Projections for 37-3019,
  Personal care and service occupations,'39-0000,Summary,Projections for 39-0000,
    Supervisors of personal care and service workers,'39-1000,Summary,Projections for 39-1000,
      First-line supervisors of entertainment and recreation workers,'39-1010,Summary,Projections for 39-1010,
        First-line supervisors of gambling services workers,'39-1013,Line item,Projections for 39-1013,
"        First-line supervisors of entertainment and recreation workers, except gambling services",'39-1014,Line item,Projections for 39-1014,
      First-line supervisors of personal service workers,'39-1022,Line item,Projections for 39-1022,
    Animal care and service workers,'39-2000,Summary,Projections for 39-2000,
      Animal trainers,'39-2011,Line item,Projections for 39-2011,
      Animal caretakers,'39-2021,Line item,Projections for 39-2021,
    Entertainment attendants and related workers,'39-3000,Summary,Projections for 39-3000,
      Gambling services workers,'39-3010,Summary,Projections for 39-3010,
        Gambling dealers,'39-3011,Line item,Projections for 39-3011,
        Gambling and sports book writers and runners,'39-3012,Line item,Projections for 39-3012,
"        Gambling service workers, all other",'39-3019,Line item,Projections for 39-3019,
      Motion picture projectionists,'39-3021,Line item,Projections for 39-3021,
"      Ushers, lobby attendants, and ticket takers",'39-3031,Line item,Projections for 39-3031,
      Miscellaneous entertainment attendants and related workers,'39-3090,Summary,Projections for 39-3090,
        Amusement and recreation attendants,'39-3091,Line item,Projections for 39-3091,
        Costume attendants,'39-3092,Line item,Projections for 39-3092,
"        Locker room, coatroom, and dressing room attendants",'39-3093,Line item,Projections for 39-3093,
"        Entertainment attendants and related workers, all other",'39-3099,Line item,Projections for 39-3099,
    Funeral service workers,'39-4000,Summary,Projections for 39-4000,
      Embalmers and crematory operators,'39-4010,Summary,Projections for 39-4010,
        Embalmers,'39-4011,Line item,Projections for 39-4011,
        Crematory operators,'39-4012,Line item,Projections for 39-4012,
      Funeral attendants,'39-4021,Line item,Projections for 39-4021,
"      Morticians, undertakers, and funeral arrangers",'39-4031,Line item,Projections for 39-4031,
    Personal appearance workers,'39-5000,Summary,Projections for 39-5000,
"      Barbers, hairdressers, hairstylists and cosmetologists",'39-5010,Summary,Projections for 39-5010,
        Barbers,'39-5011,Line item,Projections for 39-5011,
"        Hairdressers, hairstylists, and cosmetologists",'39-5012,Line item,Projections for 39-5012,
      Miscellaneous personal appearance workers,'39-5090,Summary,Projections for 39-5090,
"        Makeup artists, theatrical and performance",'39-5091,Line item,Projections for 39-5091,
        Manicurists and pedicurists,'39-5092,Line item,Projections for 39-5092,
        Shampooers,'39-5093,Line item,Projections for 39-5093,
        Skincare specialists,'39-5094,Line item,Projections for 39-5094,
"    Baggage porters, bellhops, and concierges",'39-6000,Summary,Projections for 39-6000,
      Baggage porters and bellhops,'39-6011,Line item,Projections for 39-6011,
      Concierges,'39-6012,Line item,Projections for 39-6012,
    Tour and travel guides,'39-7000,Summary,Projections for 39-7000,
      Tour and travel guides,'39-7010,Line item,Projections for 39-7010,
    Other personal care and service workers,'39-9000,Summary,Projections for 39-9000,
      Childcare workers,'39-9011,Line item,Projections for 39-9011,
      Recreation and fitness workers,'39-9030,Summary,Projections for 39-9030,
        Exercise trainers and group fitness instructors,'39-9031,Line item,Projections for 39-9031,
        Recreation workers,'39-9032,Line item,Projections for 39-9032,
      Residential advisors,'39-9041,Line item,Projections for 39-9041,
"      Personal care and service workers, all other",'39-9099,Line item,Projections for 39-9099,
  Sales and related occupations,'41-0000,Summary,Projections for 41-0000,
    Supervisors of sales workers,'41-1000,Summary,Projections for 41-1000,
      First-line supervisors of retail sales workers,'41-1011,Line item,Projections for 41-1011,
      First-line supervisors of non-retail sales workers,'41-1012,Line item,Projections for 41-1012,
    Retail sales workers,'41-2000,Summary,Projections for 41-2000,
      Cashiers,'41-2010,Summary,Projections for 41-2010,
        Cashiers,'41-2011,Line item,Projections for 41-2011,
        Gambling change persons and booth cashiers,'41-2012,Line item,Projections for 41-2012,
      Counter and rental clerks and parts salespersons,'41-2020,Summary,Projections for 41-2020,
        Counter and rental clerks,'41-2021,Line item,Projections for 41-2021,
        Parts salespersons,'41-2022,Line item,Projections for 41-2022,
      Retail salespersons,'41-2031,Line item,Projections for 41-2031,
"    Sales representatives, services",'41-3000,Summary,Projections for 41-3000,
      Advertising sales agents,'41-3011,Line item,Projections for 41-3011,
      Insurance sales agents,'41-3021,Line item,Projections for 41-3021,
"      Securities, commodities, and financial services sales agents",'41-3031,Line item,Projections for 41-3031,
      Travel agents,'41-3041,Line item,Projections for 41-3041,
"      Sales representatives of services, except advertising, insurance, financial services, and travel",'41-3091,Line item,Projections for 41-3091,
"    Sales representatives, wholesale and manufacturing",'41-4000,Summary,Projections for 41-4000,
"      Sales representatives, wholesale and manufacturing, technical and scientific products",'41-4011,Line item,Projections for 41-4011,
"      Sales representatives, wholesale and manufacturing, except technical and scientific products",'41-4012,Line item,Projections for 41-4012,
    Other sales and related workers,'41-9000,Summary,Projections for 41-9000,
"      Models, demonstrators, and product promoters",'41-9010,Summary,Projections for 41-9010,
        Demonstrators and product promoters,'41-9011,Line item,Projections for 41-9011,
        Models,'41-9012,Line item,Projections for 41-9012,
      Real estate brokers and sales agents,'41-9020,Summary,Projections for 41-9020,
        Real estate brokers,'41-9021,Line item,Projections for 41-9021,
        Real estate sales agents,'41-9022,Line item,Projections for 41-9022,
      Sales engineers,'41-9031,Line item,Projections for 41-9031,
      Telemarketers,'41-9041,Line item,Projections for 41-9041,
      Miscellaneous sales and related workers,'41-9090,Summary,Projections for 41-9090,
"        Door-to-door sales workers, news and street vendors, and related workers",'41-9091,Line item,Projections for 41-9091,
"        Sales and related workers, all other",'41-9099,Line item,Projections for 41-9099,
  Office and administrative support occupations,'43-0000,Summary,Projections for 43-0000,
    Supervisors of office and administrative support workers,'43-1000,Summary,Projections for 43-1000,
      First-line supervisors of office and administrative support workers,'43-1011,Line item,Projections for 43-1011,
    Communications equipment operators,'43-2000,Summary,Projections for 43-2000,
"      Switchboard operators, including answering service",'43-2011,Line item,Projections for 43-2011,
      Telephone operators,'43-2021,Line item,Projections for 43-2021,
"      Communications equipment operators, all other",'43-2099,Line item,Projections for 43-2099,
    Financial clerks,'43-3000,Summary,Projections for 43-3000,
      Bill and account collectors,'43-3011,Line item,Projections for 43-3011,
      Billing and posting clerks,'43-3021,Line item,Projections for 43-3021,
"      Bookkeeping, accounting, and auditing clerks",'43-3031,Line item,Projections for 43-3031,
      Gambling cage workers,'43-3041,Line item,Projections for 43-3041,
      Payroll and timekeeping clerks,'43-3051,Line item,Projections for 43-3051,
      Procurement clerks,'43-3061,Line item,Projections for 43-3061,
      Tellers,'43-3071,Line item,Projections for 43-3071,
"      Financial clerks, all other",'43-3099,Line item,Projections for 43-3099,
    Information and record clerks,'43-4000,Summary,Projections for 43-4000,
      Brokerage clerks,'43-4011,Line item,Projections for 43-4011,
      Correspondence clerks,'43-4021,Line item,Projections for 43-4021,
"      Court, municipal, and license clerks",'43-4031,Line item,Projections for 43-4031,
"      Credit authorizers, checkers, and clerks",'43-4041,Line item,Projections for 43-4041,
      Customer service representatives,'43-4051,Line item,Projections for 43-4051,
"      Eligibility interviewers, government programs",'43-4061,Line item,Projections for 43-4061,
      File clerks,'43-4071,Line item,Projections for 43-4071,
"      Hotel, motel, and resort desk clerks",'43-4081,Line item,Projections for 43-4081,
"      Interviewers, except eligibility and loan",'43-4111,Line item,Projections for 43-4111,
"      Library assistants, clerical",'43-4121,Line item,Projections for 43-4121,
      Loan interviewers and clerks,'43-4131,Line item,Projections for 43-4131,
      New accounts clerks,'43-4141,Line item,Projections for 43-4141,
      Order clerks,'43-4151,Line item,Projections for 43-4151,
"      Human resources assistants, except payroll and timekeeping",'43-4161,Line item,Projections for 43-4161,
      Receptionists and information clerks,'43-4171,Line item,Projections for 43-4171,
      Reservation and transportation ticket agents and travel clerks,'43-4181,Line item,Projections for 43-4181,
"      Information and record clerks, all other",'43-4199,Line item,Projections for 43-4199,
"    Material recording, scheduling, dispatching, and distributing workers",'43-5000,Summary,Projections for 43-5000,
      Cargo and freight agents,'43-5011,Line item,Projections for 43-5011,
      Couriers and messengers,'43-5021,Line item,Projections for 43-5021,
      Dispatchers,'43-5030,Summary,Projections for 43-5030,
        Public safety telecommunicators,'43-5031,Line item,Projections for 43-5031,
"        Dispatchers, except police, fire, and ambulance",'43-5032,Line item,Projections for 43-5032,
"      Meter readers, utilities",'43-5041,Line item,Projections for 43-5041,
      Postal service workers,'43-5050,Summary,Projections for 43-5050,
        Postal service clerks,'43-5051,Line item,Projections for 43-5051,
        Postal service mail carriers,'43-5052,Line item,Projections for 43-5052,
"        Postal service mail sorters, processors, and processing machine operators",'43-5053,Line item,Projections for 43-5053,
"      Production, planning, and expediting clerks",'43-5061,Line item,Projections for 43-5061,
"      Shipping, receiving, and inventory clerks",'43-5071,Line item,Projections for 43-5071,
"      Weighers, measurers, checkers, and samplers, recordkeeping",'43-5111,Line item,Projections for 43-5111,
    Secretaries and administrative assistants,'43-6000,Summary,Projections for 43-6000,
      Executive secretaries and executive administrative assistants,'43-6011,Line item,Projections for 43-6011,
      Legal secretaries and administrative assistants,'43-6012,Line item,Projections for 43-6012,
      Medical secretaries and administrative assistants,'43-6013,Line item,Projections for 43-6013,
"      Secretaries and administrative assistants, except legal, medical, and executive",'43-6014,Line item,Projections for 43-6014,
    Other office and administrative support workers,'43-9000,Summary,Projections for 43-9000,
      Data entry and information processing workers,'43-9020,Summary,Projections for 43-9020,
        Data entry keyers,'43-9021,Line item,Projections for 43-9021,
        Word processors and typists,'43-9022,Line item,Projections for 43-9022,
      Desktop publishers,'43-9031,Line item,Projections for 43-9031,
      Insurance claims and policy processing clerks,'43-9041,Line item,Projections for 43-9041,
"      Mail clerks and mail machine operators, except postal service",'43-9051,Line item,Projections for 43-9051,
"      Office clerks, general",'43-9061,Line item,Projections for 43-9061,
"      Office machine operators, except computer",'43-9071,Line item,Projections for 43-9071,
      Proofreaders and copy markers,'43-9081,Line item,Projections for 43-9081,
      Statistical assistants,'43-9111,Line item,Projections for 43-9111,
"      Office and administrative support workers, all other",'43-9199,Line item,Projections for 43-9199,
"  Farming, fishing, and forestry occupations",'45-0000,Summary,Projections for 45-0000,
"    Supervisors of farming, fishing, and forestry workers",'45-1000,Summary,Projections for 45-1000,
"      First-line supervisors of farming, fishing, and forestry workers",'45-1011,Line item,Projections for 45-1011,
    Agricultural workers,'45-2000,Summary,Projections for 45-2000,
      Agricultural inspectors,'45-2011,Line item,Projections for 45-2011,
      Animal breeders,'45-2021,Line item,Projections for 45-2021,
"      Graders and sorters, agricultural products",'45-2041,Line item,Projections for 45-2041,
      Miscellaneous agricultural workers,'45-2090,Summary,Projections for 45-2090,
        Agricultural equipment operators,'45-2091,Line item,Projections for 45-2091,
"        Farmworkers and laborers, crop, nursery, and greenhouse",'45-2092,Line item,Projections for 45-2092,
"        Farmworkers, farm, ranch, and aquacultural animals",'45-2093,Line item,Projections for 45-2093,
"        Agricultural workers, all other",'45-2099,Line item,Projections for 45-2099,
    Fishing and hunting workers,'45-3000,Summary,Projections for 45-3000,
      Fishing and hunting workers,'45-3031,Line item,Projections for 45-3031,
"    Forest, conservation, and logging workers",'45-4000,Summary,Projections for 45-4000,
      Forest and conservation workers,'45-4011,Line item,Projections for 45-4011,
      Logging workers,'45-4020,Summary,Projections for 45-4020,
        Fallers,'45-4021,Line item,Projections for 45-4021,
        Logging equipment operators,'45-4022,Line item,Projections for 45-4022,
        Log graders and scalers,'45-4023,Line item,Projections for 45-4023,
"        Logging workers, all other",'45-4029,Line item,Projections for 45-4029,
  Construction and extraction occupations,'47-0000,Summary,Projections for 47-0000,
    Supervisors of construction and extraction workers,'47-1000,Summary,Projections for 47-1000,
      First-line supervisors of construction trades and extraction workers,'47-1011,Line item,Projections for 47-1011,
    Construction trades workers,'47-2000,Summary,Projections for 47-2000,
      Boilermakers,'47-2011,Line item,Projections for 47-2011,
"      Brickmasons, blockmasons, and stonemasons",'47-2020,Summary,Projections for 47-2020,
        Brickmasons and blockmasons,'47-2021,Line item,Projections for 47-2021,
        Stonemasons,'47-2022,Line item,Projections for 47-2022,
      Carpenters,'47-2031,Line item,Projections for 47-2031,
"      Carpet, floor, and tile installers and finishers",'47-2040,Summary,Projections for 47-2040,
        Carpet installers,'47-2041,Line item,Projections for 47-2041,
"        Floor layers, except carpet, wood, and hard tiles",'47-2042,Line item,Projections for 47-2042,
        Floor sanders and finishers,'47-2043,Line item,Projections for 47-2043,
        Tile and stone setters,'47-2044,Line item,Projections for 47-2044,
"      Cement masons, concrete finishers, and terrazzo workers",'47-2050,Summary,Projections for 47-2050,
        Cement masons and concrete finishers,'47-2051,Line item,Projections for 47-2051,
        Terrazzo workers and finishers,'47-2053,Line item,Projections for 47-2053,
      Construction laborers,'47-2061,Line item,Projections for 47-2061,
      Construction equipment operators,'47-2070,Summary,Projections for 47-2070,
"        Paving, surfacing, and tamping equipment operators",'47-2071,Line item,Projections for 47-2071,
        Pile driver operators,'47-2072,Line item,Projections for 47-2072,
        Operating engineers and other construction equipment operators,'47-2073,Line item,Projections for 47-2073,
"      Drywall installers, ceiling tile installers, and tapers",'47-2080,Summary,Projections for 47-2080,
        Drywall and ceiling tile installers,'47-2081,Line item,Projections for 47-2081,
        Tapers,'47-2082,Line item,Projections for 47-2082,
      Electricians,'47-2111,Line item,Projections for 47-2111,
      Glaziers,'47-2121,Line item,Projections for 47-2121,
      Insulation workers,'47-2130,Summary,Projections for 47-2130,
"        Insulation workers, floor, ceiling, and wall",'47-2131,Line item,Projections for 47-2131,
"        Insulation workers, mechanical",'47-2132,Line item,Projections for 47-2132,
      Painters and paperhangers,'47-2140,Summary,Projections for 47-2140,
"        Painters, construction and maintenance",'47-2141,Line item,Projections for 47-2141,
        Paperhangers,'47-2142,Line item,Projections for 47-2142,
"      Pipelayers, plumbers, pipefitters, and steamfitters",'47-2150,Summary,Projections for 47-2150,
        Pipelayers,'47-2151,Line item,Projections for 47-2151,
"        Plumbers, pipefitters, and steamfitters",'47-2152,Line item,Projections for 47-2152,
      Plasterers and stucco masons,'47-2161,Line item,Projections for 47-2161,
      Reinforcing iron and rebar workers,'47-2171,Line item,Projections for 47-2171,
      Roofers,'47-2181,Line item,Projections for 47-2181,
      Sheet metal workers,'47-2211,Line item,Projections for 47-2211,
      Structural iron and steel workers,'47-2221,Line item,Projections for 47-2221,
      Solar photovoltaic installers,'47-2231,Line item,Projections for 47-2231,
"    Helpers, construction trades",'47-3000,Summary,Projections for 47-3000,
"      Helpers--brickmasons, blockmasons, stonemasons, and tile and marble setters",'47-3011,Line item,Projections for 47-3011,
      Helpers--carpenters,'47-3012,Line item,Projections for 47-3012,
      Helpers--electricians,'47-3013,Line item,Projections for 47-3013,
"      Helpers--painters, paperhangers, plasterers, and stucco masons",'47-3014,Line item,Projections for 47-3014,
"      Helpers--pipelayers, plumbers, pipefitters, and steamfitters",'47-3015,Line item,Projections for 47-3015,
      Helpers--roofers,'47-3016,Line item,Projections for 47-3016,
"      Helpers, construction trades, all other",'47-3019,Line item,Projections for 47-3019,
    Other construction and related workers,'47-4000,Summary,Projections for 47-4000,
      Construction and building inspectors,'47-4011,Line item,Projections for 47-4011,
      Elevator and escalator installers and repairers,'47-4021,Line item,Projections for 47-4021,
      Fence erectors,'47-4031,Line item,Projections for 47-4031,
      Hazardous materials removal workers,'47-4041,Line item,Projections for 47-4041,
      Highway maintenance workers,'47-4051,Line item,Projections for 47-4051,
      Rail-track laying and maintenance equipment operators,'47-4061,Line item,Projections for 47-4061,
      Septic tank servicers and sewer pipe cleaners,'47-4071,Line item,Projections for 47-4071,
      Miscellaneous construction and related workers,'47-4090,Line item,Projections for 47-4090,
    Extraction workers,'47-5000,Summary,Projections for 47-5000,
"      Derrick, rotary drill, and service unit operators, oil and gas",'47-5010,Summary,Projections for 47-5010,
"        Derrick operators, oil and gas",'47-5011,Line item,Projections for 47-5011,
"        Rotary drill operators, oil and gas",'47-5012,Line item,Projections for 47-5012,
"        Service unit operators, oil and gas",'47-5013,Line item,Projections for 47-5013,
      Surface mining machine operators and earth drillers,'47-5020,Summary,Projections for 47-5020,
"        Excavating and loading machine and dragline operators, surface mining",'47-5022,Line item,Projections for 47-5022,
"        Earth drillers, except oil and gas",'47-5023,Line item,Projections for 47-5023,
"      Explosives workers, ordnance handling experts, and blasters",'47-5032,Line item,Projections for 47-5032,
      Underground mining machine operators,'47-5040,Summary,Projections for 47-5040,
        Continuous mining machine operators,'47-5041,Line item,Projections for 47-5041,
"        Roof bolters, mining",'47-5043,Line item,Projections for 47-5043,
"        Loading and moving machine operators, underground mining",'47-5044,Line item,Projections for 47-5044,
"        Underground mining machine operators, all other",'47-5049,Line item,Projections for 47-5049,
"      Rock splitters, quarry",'47-5051,Line item,Projections for 47-5051,
"      Roustabouts, oil and gas",'47-5071,Line item,Projections for 47-5071,
      Helpers--extraction workers,'47-5081,Line item,Projections for 47-5081,
"      Extraction workers, all other",'47-5099,Line item,Projections for 47-5099,
"  Installation, maintenance, and repair occupations",'49-0000,Summary,Projections for 49-0000,
"    Supervisors of installation, maintenance, and repair workers",'49-1000,Summary,Projections for 49-1000,
"      First-line supervisors of mechanics, installers, and repairers",'49-1011,Line item,Projections for 49-1011,
"    Electrical and electronic equipment mechanics, installers, and repairers",'49-2000,Summary,Projections for 49-2000,
"      Computer, automated teller, and office machine repairers",'49-2011,Line item,Projections for 49-2011,
      Radio and telecommunications equipment installers and repairers,'49-2020,Summary,Projections for 49-2020,
"        Radio, cellular, and tower equipment installers and repairers",'49-2021,Line item,Projections for 49-2021,
"        Telecommunications equipment installers and repairers, except line installers",'49-2022,Line item,Projections for 49-2022,
"      Miscellaneous electrical and electronic equipment mechanics, installers, and repairers",'49-2090,Summary,Projections for 49-2090,
        Avionics technicians,'49-2091,Line item,Projections for 49-2091,
"        Electric motor, power tool, and related repairers",'49-2092,Line item,Projections for 49-2092,
"        Electrical and electronics installers and repairers, transportation equipment",'49-2093,Line item,Projections for 49-2093,
"        Electrical and electronics repairers, commercial and industrial equipment",'49-2094,Line item,Projections for 49-2094,
"        Electrical and electronics repairers, powerhouse, substation, and relay",'49-2095,Line item,Projections for 49-2095,
"        Electronic equipment installers and repairers, motor vehicles",'49-2096,Line item,Projections for 49-2096,
        Audiovisual equipment installers and repairers,'49-2097,Line item,Projections for 49-2097,
        Security and fire alarm systems installers,'49-2098,Line item,Projections for 49-2098,
"    Vehicle and mobile equipment mechanics, installers, and repairers",'49-3000,Summary,Projections for 49-3000,
      Aircraft mechanics and service technicians,'49-3011,Line item,Projections for 49-3011,
      Automotive technicians and repairers,'49-3020,Summary,Projections for 49-3020,
        Automotive body and related repairers,'49-3021,Line item,Projections for 49-3021,
        Automotive glass installers and repairers,'49-3022,Line item,Projections for 49-3022,
        Automotive service technicians and mechanics,'49-3023,Line item,Projections for 49-3023,
      Bus and truck mechanics and diesel engine specialists,'49-3031,Line item,Projections for 49-3031,
      Heavy vehicle and mobile equipment service technicians and mechanics,'49-3040,Summary,Projections for 49-3040,
        Farm equipment mechanics and service technicians,'49-3041,Line item,Projections for 49-3041,
"        Mobile heavy equipment mechanics, except engines",'49-3042,Line item,Projections for 49-3042,
        Rail car repairers,'49-3043,Line item,Projections for 49-3043,
      Small engine mechanics,'49-3050,Summary,Projections for 49-3050,
        Motorboat mechanics and service technicians,'49-3051,Line item,Projections for 49-3051,
        Motorcycle mechanics,'49-3052,Line item,Projections for 49-3052,
        Outdoor power equipment and other small engine mechanics,'49-3053,Line item,Projections for 49-3053,
"      Miscellaneous vehicle and mobile equipment mechanics, installers, and repairers",'49-3090,Summary,Projections for 49-3090,
        Bicycle repairers,'49-3091,Line item,Projections for 49-3091,
        Recreational vehicle service technicians,'49-3092,Line item,Projections for 49-3092,
        Tire repairers and changers,'49-3093,Line item,Projections for 49-3093,
"    Other installation, maintenance, and repair occupations",'49-9000,Summary,Projections for 49-9000,
      Control and valve installers and repairers,'49-9010,Summary,Projections for 49-9010,
        Mechanical door repairers,'49-9011,Line item,Projections for 49-9011,
"        Control and valve installers and repairers, except mechanical door",'49-9012,Line item,Projections for 49-9012,
"      Heating, air conditioning, and refrigeration mechanics and installers",'49-9021,Line item,Projections for 49-9021,
      Home appliance repairers,'49-9031,Line item,Projections for 49-9031,
"      Industrial machinery installation, repair, and maintenance workers",'49-9040,Summary,Projections for 49-9040,
        Industrial machinery mechanics,'49-9041,Line item,Projections for 49-9041,
"        Maintenance workers, machinery",'49-9043,Line item,Projections for 49-9043,
        Millwrights,'49-9044,Line item,Projections for 49-9044,
"        Refractory materials repairers, except brickmasons",'49-9045,Line item,Projections for 49-9045,
      Line installers and repairers,'49-9050,Summary,Projections for 49-9050,
        Electrical power-line installers and repairers,'49-9051,Line item,Projections for 49-9051,
        Telecommunications line installers and repairers,'49-9052,Line item,Projections for 49-9052,
      Precision instrument and equipment repairers,'49-9060,Summary,Projections for 49-9060,
        Camera and photographic equipment repairers,'49-9061,Line item,Projections for 49-9061,
        Medical equipment repairers,'49-9062,Line item,Projections for 49-9062,
        Musical instrument repairers and tuners,'49-9063,Line item,Projections for 49-9063,
        Watch and clock repairers,'49-9064,Line item,Projections for 49-9064,
"        Precision instrument and equipment repairers, all other",'49-9069,Line item,Projections for 49-9069,
"      Maintenance and repair workers, general",'49-9071,Line item,Projections for 49-9071,
      Wind turbine service technicians,'49-9081,Line item,Projections for 49-9081,
"      Miscellaneous installation, maintenance, and repair workers",'49-9090,Summary,Projections for 49-9090,
"        Coin, vending, and amusement machine servicers and repairers",'49-9091,Line item,Projections for 49-9091,
        Commercial divers,'49-9092,Line item,Projections for 49-9092,
        Locksmiths and safe repairers,'49-9094,Line item,Projections for 49-9094,
        Manufactured building and mobile home installers,'49-9095,Line item,Projections for 49-9095,
        Riggers,'49-9096,Line item,Projections for 49-9096,
        Signal and track switch repairers,'49-9097,Line item,Projections for 49-9097,
"        Helpers--installation, maintenance, and repair workers",'49-9098,Line item,Projections for 49-9098,
"        Installation, maintenance, and repair workers, all other",'49-9099,Line item,Projections for 49-9099,
  Production occupations,'51-0000,Summary,Projections for 51-0000,
    Supervisors of production workers,'51-1000,Summary,Projections for 51-1000,
      First-line supervisors of production and operating workers,'51-1011,Line item,Projections for 51-1011,
    Assemblers and fabricators,'51-2000,Summary,Projections for 51-2000,
"      Aircraft structure, surfaces, rigging, and systems assemblers",'51-2011,Line item,Projections for 51-2011,
"      Electrical, electronics, and electromechanical assemblers",'51-2020,Summary,Projections for 51-2020,
"        Coil winders, tapers, and finishers",'51-2021,Line item,Projections for 51-2021,
"        Electrical, electronic, and electromechanical assemblers, except coil winders, tapers, and finishers",'51-2028,Line item,Projections for 51-2028,
      Engine and other machine assemblers,'51-2031,Line item,Projections for 51-2031,
      Structural metal fabricators and fitters,'51-2041,Line item,Projections for 51-2041,
      Fiberglass laminators and fabricators,'51-2051,Line item,Projections for 51-2051,
      Timing device assemblers and adjusters,'51-2061,Line item,Projections for 51-2061,
      Miscellaneous assemblers and fabricators,'51-2090,Line item,Projections for 51-2090,
    Food processing workers,'51-3000,Summary,Projections for 51-3000,
      Bakers,'51-3011,Line item,Projections for 51-3011,
"      Butchers and other meat, poultry, and fish processing workers",'51-3020,Summary,Projections for 51-3020,
        Butchers and meat cutters,'51-3021,Line item,Projections for 51-3021,
"        Meat, poultry, and fish cutters and trimmers",'51-3022,Line item,Projections for 51-3022,
        Slaughterers and meat packers,'51-3023,Line item,Projections for 51-3023,
      Miscellaneous food processing workers,'51-3090,Summary,Projections for 51-3090,
"        Food and tobacco roasting, baking, and drying machine operators and tenders",'51-3091,Line item,Projections for 51-3091,
        Food batchmakers,'51-3092,Line item,Projections for 51-3092,
        Food cooking machine operators and tenders,'51-3093,Line item,Projections for 51-3093,
"        Food processing workers, all other",'51-3099,Line item,Projections for 51-3099,
    Metal workers and plastic workers,'51-4000,Summary,Projections for 51-4000,
"      Forming machine setters, operators, and tenders, metal and plastic",'51-4020,Summary,Projections for 51-4020,
"        Extruding and drawing machine setters, operators, and tenders, metal and plastic",'51-4021,Line item,Projections for 51-4021,
"        Forging machine setters, operators, and tenders, metal and plastic",'51-4022,Line item,Projections for 51-4022,
"        Rolling machine setters, operators, and tenders, metal and plastic",'51-4023,Line item,Projections for 51-4023,
"      Machine tool cutting setters, operators, and tenders, metal and plastic",'51-4030,Summary,Projections for 51-4030,
"        Cutting, punching, and press machine setters, operators, and tenders, metal and plastic",'51-4031,Line item,Projections for 51-4031,
"        Drilling and boring machine tool setters, operators, and tenders, metal and plastic",'51-4032,Line item,Projections for 51-4032,
"        Grinding, lapping, polishing, and buffing machine tool setters, operators, and tenders, metal and plastic",'51-4033,Line item,Projections for 51-4033,
"        Lathe and turning machine tool setters, operators, and tenders, metal and plastic",'51-4034,Line item,Projections for 51-4034,
"        Milling and planing machine setters, operators, and tenders, metal and plastic",'51-4035,Line item,Projections for 51-4035,
      Machinists,'51-4041,Line item,Projections for 51-4041,
"      Metal furnace operators, tenders, pourers, and casters",'51-4050,Summary,Projections for 51-4050,
        Metal-refining furnace operators and tenders,'51-4051,Line item,Projections for 51-4051,
"        Pourers and casters, metal",'51-4052,Line item,Projections for 51-4052,
"      Model makers and patternmakers, metal and plastic",'51-4060,Summary,Projections for 51-4060,
"        Model makers, metal and plastic",'51-4061,Line item,Projections for 51-4061,
"        Patternmakers, metal and plastic",'51-4062,Line item,Projections for 51-4062,
"      Molders and molding machine setters, operators, and tenders, metal and plastic",'51-4070,Summary,Projections for 51-4070,
        Foundry mold and coremakers,'51-4071,Line item,Projections for 51-4071,
"        Molding, coremaking, and casting machine setters, operators, and tenders, metal and plastic",'51-4072,Line item,Projections for 51-4072,
"      Multiple machine tool setters, operators, and tenders, metal and plastic",'51-4081,Line item,Projections for 51-4081,
      Tool and die makers,'51-4111,Line item,Projections for 51-4111,
"      Welding, soldering, and brazing workers",'51-4120,Summary,Projections for 51-4120,
"        Welders, cutters, solderers, and brazers",'51-4121,Line item,Projections for 51-4121,
"        Welding, soldering, and brazing machine setters, operators, and tenders",'51-4122,Line item,Projections for 51-4122,
      Miscellaneous metal workers and plastic workers,'51-4190,Summary,Projections for 51-4190,
"        Heat treating equipment setters, operators, and tenders, metal and plastic",'51-4191,Line item,Projections for 51-4191,
"        Layout workers, metal and plastic",'51-4192,Line item,Projections for 51-4192,
"        Plating machine setters, operators, and tenders, metal and plastic",'51-4193,Line item,Projections for 51-4193,
"        Tool grinders, filers, and sharpeners",'51-4194,Line item,Projections for 51-4194,
"        Metal workers and plastic workers, all other",'51-4199,Line item,Projections for 51-4199,
    Printing workers,'51-5100,Summary,Projections for 51-5100,
      Prepress technicians and workers,'51-5111,Line item,Projections for 51-5111,
      Printing press operators,'51-5112,Line item,Projections for 51-5112,
      Print binding and finishing workers,'51-5113,Line item,Projections for 51-5113,
"    Textile, apparel, and furnishings workers",'51-6000,Summary,Projections for 51-6000,
      Laundry and dry-cleaning workers,'51-6011,Line item,Projections for 51-6011,
"      Pressers, textile, garment, and related materials",'51-6021,Line item,Projections for 51-6021,
      Sewing machine operators,'51-6031,Line item,Projections for 51-6031,
      Shoe and leather workers,'51-6040,Summary,Projections for 51-6040,
        Shoe and leather workers and repairers,'51-6041,Line item,Projections for 51-6041,
        Shoe machine operators and tenders,'51-6042,Line item,Projections for 51-6042,
"      Tailors, dressmakers, and sewers",'51-6050,Summary,Projections for 51-6050,
"        Sewers, hand",'51-6051,Line item,Projections for 51-6051,
"        Tailors, dressmakers, and custom sewers",'51-6052,Line item,Projections for 51-6052,
"      Textile machine setters, operators, and tenders",'51-6060,Summary,Projections for 51-6060,
        Textile bleaching and dyeing machine operators and tenders,'51-6061,Line item,Projections for 51-6061,
"        Textile cutting machine setters, operators, and tenders",'51-6062,Line item,Projections for 51-6062,
"        Textile knitting and weaving machine setters, operators, and tenders",'51-6063,Line item,Projections for 51-6063,
"        Textile winding, twisting, and drawing out machine setters, operators, and tenders",'51-6064,Line item,Projections for 51-6064,
"      Miscellaneous textile, apparel, and furnishings workers",'51-6090,Summary,Projections for 51-6090,
"        Extruding and forming machine setters, operators, and tenders, synthetic and glass fibers",'51-6091,Line item,Projections for 51-6091,
        Fabric and apparel patternmakers,'51-6092,Line item,Projections for 51-6092,
        Upholsterers,'51-6093,Line item,Projections for 51-6093,
"        Textile, apparel, and furnishings workers, all other",'51-6099,Line item,Projections for 51-6099,
    Woodworkers,'51-7000,Summary,Projections for 51-7000,
      Cabinetmakers and bench carpenters,'51-7011,Line item,Projections for 51-7011,
      Furniture finishers,'51-7021,Line item,Projections for 51-7021,
"      Model makers and patternmakers, wood",'51-7030,Summary,Projections for 51-7030,
"        Model makers, wood",'51-7031,Line item,Projections for 51-7031,
"        Patternmakers, wood",'51-7032,Line item,Projections for 51-7032,
"      Woodworking machine setters, operators, and tenders",'51-7040,Summary,Projections for 51-7040,
"        Sawing machine setters, operators, and tenders, wood",'51-7041,Line item,Projections for 51-7041,
"        Woodworking machine setters, operators, and tenders, except sawing",'51-7042,Line item,Projections for 51-7042,
"      Woodworkers, all other",'51-7099,Line item,Projections for 51-7099,
    Plant and system operators,'51-8000,Summary,Projections for 51-8000,
"      Power plant operators, distributors, and dispatchers",'51-8010,Summary,Projections for 51-8010,
        Nuclear power reactor operators,'51-8011,Line item,Projections for 51-8011,
        Power distributors and dispatchers,'51-8012,Line item,Projections for 51-8012,
        Power plant operators,'51-8013,Line item,Projections for 51-8013,
      Stationary engineers and boiler operators,'51-8021,Line item,Projections for 51-8021,
      Water and wastewater treatment plant and system operators,'51-8031,Line item,Projections for 51-8031,
      Miscellaneous plant and system operators,'51-8090,Summary,Projections for 51-8090,
        Chemical plant and system operators,'51-8091,Line item,Projections for 51-8091,
        Gas plant operators,'51-8092,Line item,Projections for 51-8092,
"        Petroleum pump system operators, refinery operators, and gaugers",'51-8093,Line item,Projections for 51-8093,
"        Plant and system operators, all other",'51-8099,Line item,Projections for 51-8099,
    Other production occupations,'51-9000,Summary,Projections for 51-9000,
"      Chemical processing machine setters, operators, and tenders",'51-9010,Summary,Projections for 51-9010,
        Chemical equipment operators and tenders,'51-9011,Line item,Projections for 51-9011,
"        Separating, filtering, clarifying, precipitating, and still machine setters, operators, and tenders",'51-9012,Line item,Projections for 51-9012,
"      Crushing, grinding, polishing, mixing, and blending workers",'51-9020,Summary,Projections for 51-9020,
"        Crushing, grinding, and polishing machine setters, operators, and tenders",'51-9021,Line item,Projections for 51-9021,
"        Grinding and polishing workers, hand",'51-9022,Line item,Projections for 51-9022,
"        Mixing and blending machine setters, operators, and tenders",'51-9023,Line item,Projections for 51-9023,
      Cutting workers,'51-9030,Summary,Projections for 51-9030,
"        Cutters and trimmers, hand",'51-9031,Line item,Projections for 51-9031,
"        Cutting and slicing machine setters, operators, and tenders",'51-9032,Line item,Projections for 51-9032,
"      Extruding, forming, pressing, and compacting machine setters, operators, and tenders",'51-9041,Line item,Projections for 51-9041,
"      Furnace, kiln, oven, drier, and kettle operators and tenders",'51-9051,Line item,Projections for 51-9051,
"      Inspectors, testers, sorters, samplers, and weighers",'51-9061,Line item,Projections for 51-9061,
      Jewelers and precious stone and metal workers,'51-9071,Line item,Projections for 51-9071,
      Dental and ophthalmic laboratory technicians and medical appliance technicians,'51-9080,Summary,Projections for 51-9080,
        Dental laboratory technicians,'51-9081,Line item,Projections for 51-9081,
        Medical appliance technicians,'51-9082,Line item,Projections for 51-9082,
        Ophthalmic laboratory technicians,'51-9083,Line item,Projections for 51-9083,
      Packaging and filling machine operators and tenders,'51-9111,Line item,Projections for 51-9111,
      Painting workers,'51-9120,Summary,Projections for 51-9120,
"        Painting, coating, and decorating workers",'51-9123,Line item,Projections for 51-9123,
"        Coating, painting, and spraying machine setters, operators, and tenders",'51-9124,Line item,Projections for 51-9124,
      Semiconductor processing technicians,'51-9141,Line item,Projections for 51-9141,
      Photographic process workers and processing machine operators,'51-9151,Line item,Projections for 51-9151,
      Computer numerically controlled tool operators and programmers,'51-9160,Summary,Projections for 51-9160,
        Computer numerically controlled tool operators,'51-9161,Line item,Projections for 51-9161,
        Computer numerically controlled tool programmers,'51-9162,Line item,Projections for 51-9162,
      Miscellaneous production workers,'51-9190,Summary,Projections for 51-9190,
        Adhesive bonding machine operators and tenders,'51-9191,Line item,Projections for 51-9191,
"        Cleaning, washing, and metal pickling equipment operators and tenders",'51-9192,Line item,Projections for 51-9192,
        Cooling and freezing equipment operators and tenders,'51-9193,Line item,Projections for 51-9193,
        Etchers and engravers,'51-9194,Line item,Projections for 51-9194,
"        Molders, shapers, and casters, except metal and plastic",'51-9195,Line item,Projections for 51-9195,
"        Paper goods machine setters, operators, and tenders",'51-9196,Line item,Projections for 51-9196,
        Tire builders,'51-9197,Line item,Projections for 51-9197,
        Helpers--production workers,'51-9198,Line item,Projections for 51-9198,
"        Production workers, all other",'51-9199,Line item,Projections for 51-9199,
  Transportation and material moving occupations,'53-0000,Summary,Projections for 53-0000,
    Supervisors of transportation and material moving workers,'53-1000,Summary,Projections for 53-1000,
      Aircraft cargo handling supervisors,'53-1041,Line item,Projections for 53-1041,
"      First-line supervisors of transportation and material moving workers, except aircraft cargo handling supervisors",'53-1047,Line item,Projections for 53-1047,
    Air transportation workers,'53-2000,Summary,Projections for 53-2000,
      Aircraft pilots and flight engineers,'53-2010,Summary,Projections for 53-2010,
"        Airline pilots, copilots, and flight engineers",'53-2011,Line item,Projections for 53-2011,
        Commercial pilots,'53-2012,Line item,Projections for 53-2012,
      Air traffic controllers and airfield operations specialists,'53-2020,Summary,Projections for 53-2020,
        Air traffic controllers,'53-2021,Line item,Projections for 53-2021,
        Airfield operations specialists,'53-2022,Line item,Projections for 53-2022,
      Flight attendants,'53-2031,Line item,Projections for 53-2031,
    Motor vehicle operators,'53-3000,Summary,Projections for 53-3000,
"      Ambulance drivers and attendants, except emergency medical technicians",'53-3011,Line item,Projections for 53-3011,
      Driver/sales workers and truck drivers,'53-3030,Summary,Projections for 53-3030,
        Driver/sales workers,'53-3031,Line item,Projections for 53-3031,
        Heavy and tractor-trailer truck drivers,'53-3032,Line item,Projections for 53-3032,
        Light truck drivers,'53-3033,Line item,Projections for 53-3033,
      Passenger vehicle drivers,'53-3050,Summary,Projections for 53-3050,
"        Bus drivers, school",'53-3051,Line item,Projections for 53-3051,
"        Bus drivers, transit and intercity",'53-3052,Line item,Projections for 53-3052,
        Shuttle drivers and chauffeurs,'53-3053,Line item,Projections for 53-3053,
        Taxi drivers,'53-3054,Line item,Projections for 53-3054,
"      Motor vehicle operators, all other",'53-3099,Line item,Projections for 53-3099,
    Rail transportation workers,'53-4000,Summary,Projections for 53-4000,
      Locomotive engineers and operators,'53-4010,Summary,Projections for 53-4010,
        Locomotive engineers,'53-4011,Line item,Projections for 53-4011,
"        Rail yard engineers, dinkey operators, and hostlers",'53-4013,Line item,Projections for 53-4013,
"      Railroad brake, signal, and switch operators and locomotive firers",'53-4022,Line item,Projections for 53-4022,
      Railroad conductors and yardmasters,'53-4031,Line item,Projections for 53-4031,
      Subway and streetcar operators,'53-4041,Line item,Projections for 53-4041,
"      Rail transportation workers, all other",'53-4099,Line item,Projections for 53-4099,
    Water transportation workers,'53-5000,Summary,Projections for 53-5000,
      Sailors and marine oilers,'53-5011,Line item,Projections for 53-5011,
      Ship and boat captains and operators,'53-5020,Summary,Projections for 53-5020,
"        Captains, mates, and pilots of water vessels",'53-5021,Line item,Projections for 53-5021,
        Motorboat operators,'53-5022,Line item,Projections for 53-5022,
      Ship engineers,'53-5031,Line item,Projections for 53-5031,
    Other transportation workers,'53-6000,Summary,Projections for 53-6000,
      Bridge and lock tenders,'53-6011,Line item,Projections for 53-6011,
      Parking attendants,'53-6021,Line item,Projections for 53-6021,
      Transportation service attendants,'53-6030,Summary,Projections for 53-6030,
        Automotive and watercraft service attendants,'53-6031,Line item,Projections for 53-6031,
        Aircraft service attendants,'53-6032,Line item,Projections for 53-6032,
      Traffic technicians,'53-6041,Line item,Projections for 53-6041,
      Transportation inspectors,'53-6051,Line item,Projections for 53-6051,
      Passenger attendants,'53-6061,Line item,Projections for 53-6061,
"      Transportation workers, all other",'53-6099,Line item,Projections for 53-6099,
    Material moving workers,'53-7000,Summary,Projections for 53-7000,
      Conveyor operators and tenders,'53-7011,Line item,Projections for 53-7011,
      Crane and tower operators,'53-7021,Line item,Projections for 53-7021,
      Dredge operators,'53-7031,Line item,Projections for 53-7031,
      Hoist and winch operators,'53-7041,Line item,Projections for 53-7041,
      Industrial truck and tractor operators,'53-7051,Line item,Projections for 53-7051,
      Laborers and material movers,'53-7060,Summary,Projections for 53-7060,
        Cleaners of vehicles and equipment,'53-7061,Line item,Projections for 53-7061,
"        Laborers and freight, stock, and material movers, hand",'53-7062,Line item,Projections for 53-7062,
        Machine feeders and offbearers,'53-7063,Line item,Projections for 53-7063,
"        Packers and packagers, hand",'53-7064,Line item,Projections for 53-7064,
        Stockers and order fillers,'53-7065,Line item,Projections for 53-7065,
      Pumping station operators,'53-7070,Summary,Projections for 53-7070,
        Gas compressor and gas pumping station operators,'53-7071,Line item,Projections for 53-7071,
"        Pump operators, except wellhead pumpers",'53-7072,Line item,Projections for 53-7072,
        Wellhead pumpers,'53-7073,Line item,Projections for 53-7073,
      Refuse and recyclable material collectors,'53-7081,Line item,Projections for 53-7081,
"      Tank car, truck, and ship loaders",'53-7121,Line item,Projections for 53-7121,
"      Material moving workers, all other",'53-7199,Line item,Projections for 53-7199,
"Source: Employment Projections program, U.S. Bureau of Labor Statistics",',,,
